workerid,prolific_participant_id
13,5d0e88a255f0c70015345bdd
14,5ac2f7e35cd1050001621c00
12,5c5732a80a537a00019ea4eb
15,5e3785d80d436271fbb1cf8e
16,5ac5300f9534ba0001c7446b
26,6117c048b6509f4c0729321b
37,5de7c6d448241d73d36ceaef
32,60cff3ba91773f75c9504567
35,5e4a59b502b78f4a232c0cff
17,5cb1cd86637a05000187532b
34,5dfe69ed11d879b042404a8b
30,5ebe0901a63a9015b07862a4
27,5be7a4f33b047e0001a3a4cd
38,5c72f069cf5c4b000197cc30
45,5dda9b9a9d9e30a06d320ffb
25,56f299dded0cf6000b9108cd
33,57587b29713d8400061730e4
23,6043cbd95042bc3eba7b4bc1
39,5e3d679eaa341501c1a5a90b
19,5d4459c166881d001c4d5451
41,5a8b527d5292b80001232b81
43,5efe6daf6a2551378201893e
20,5dbd861fbd08a92c5570b2cd
22,60ba9b1108f554e36941c2b4
42,558d8d71fdf99b534f79b352
44,5f4813c94e8b081877fb26a6
29,59e7d3f97f3d71000171def0
21,5758a78d768081000631a322
18,6107720cff13015082b48f4a
28,5f179bd584e8e802ef9c187d
36,5c570f52b45c6600010b6d1e
